userId,name,dob,gender,password
1,Ashwini HS,10/12/00,Female,81dc9bdb52d04dc20036dbd8313ed055
2,Keerti Shreedhar,10/01/98,Female,81dc9bdb52d04dc20036dbd8313ed055
3,Mayank Agarwal,11/02/95,Male,81dc9bdb52d04dc20036dbd8313ed055
4,Ramesh HM,15/11/81,Male,81dc9bdb52d04dc20036dbd8313ed055
5,Raj Shankar,12/04/90,Male,81dc9bdb52d04dc20036dbd8313ed055
6,Parthiv N,12/03/98,Male,81dc9bdb52d04dc20036dbd8313ed055
7,Ashwini NH,21/12/99,Female,81dc9bdb52d04dc20036dbd8313ed055
8,Nisha Sharma,23/05/93,Female,81dc9bdb52d04dc20036dbd8313ed055
9,Suman Kulkarni,14/02/95,Male,81dc9bdb52d04dc20036dbd8313ed055
10,Varsha Hegde,05/09/98,Female,81dc9bdb52d04dc20036dbd8313ed055
11,Akshay Aryan,29/03/87,Male,81dc9bdb52d04dc20036dbd8313ed055
12,Apoorva Gowda,20/06/98,Female,81dc9bdb52d04dc20036dbd8313ed055
13,Shreyas H,15/08/00,Male,81dc9bdb52d04dc20036dbd8313ed055
14,Jayalakshmi,02/06/98,Female,81dc9bdb52d04dc20036dbd8313ed055
15,Ananya JG,09/01/98,Female,81dc9bdb52d04dc20036dbd8313ed055
16,Akshara Mehta,27/05/94,Female,81dc9bdb52d04dc20036dbd8313ed055
17,Harshal M,05/06/99,Male,81dc9bdb52d04dc20036dbd8313ed055
18,Bindu F,02/09/99,Female,81dc9bdb52d04dc20036dbd8313ed055
19,Ashok Aravind S N,22/08/00,Male,81dc9bdb52d04dc20036dbd8313ed055
20,Jayalakshmi,02/09/98,Female,81dc9bdb52d04dc20036dbd8313ed055
35,D,D,D,f623e75af30e62bbd73d6df5b50bb7b5
36,F,F,F,800618943025315f869e4e1f09471012
41,Gmod,G,G,dfcf28d0734569a6a693bc8194de62bf