genre,id
Family,100
Comedy,100
Romance,101
Drama,101
Romance,102
Comedy,102
Action,103
Sci-fi,103
Thriller,104
Sci-fi,104
Thriller,105
Drama,105
Action,106
Thriller,106
Family,107
Comedy,107
Action,108
Comedy,108
Romance,109
Drama,109
Action,110
Sci-fi,110
Romance,111
Scifi,111
Action,112
Thriller,112
Family,113
Romance,113
Drama,114
Comedy,114
Sci-fi,115
Thriller,115
Sci-fi,116
Drama,116
Family,117
Comedy,117
Action,118
Thriller,118
Romance,119
Drama,119
Family,120
Comedy,120
